"Name","Text"
"Skill.MagicBolt","매직 볼트"
"Skill.Nova","노바"
"Skill.BladeSweep","블레이드 스윕"
"Mod.Pierce","관통"
"Mod.Split","분열"
"Mod.Explode","폭발"
"Mod.Chain","연쇄"
"Mod.Haste","가속"
"Desc.Pierce","적 {0}명을 관통"
"Desc.Split","명중 시 작은 투사체 {0}발\n(피해 40%)"
"Desc.Explode","명중 지점에 반경 {0}m 폭발\n(피해 50%)"
"Desc.Chain","가까운 적 {0}명에게 번개 전이\n(피해 70%)"
"Desc.Haste","쿨다운 -{0}%"
"UI.Level","Lv.{0}"
"UI.New","신규"
"UI.Upgrade","강화"
"UI.RewardTitle","웨이브 {0} 클리어  -  강화를 선택하세요"
"UI.RewardHint","좌우로 선택   ·   Enter / 클릭 / (A) 로 확정"
"UI.BuildOf","{0} 빌드:"
"UI.Build","빌드"
"UI.Wave","웨이브 {0} / {1}"
"UI.Remaining","남은 적 {0}"
"UI.Kills","처치 {0}"
"UI.Dash","대시"
"UI.Paused","일시정지"
"UI.Resume","재개"
"UI.Restart","재시작"
"UI.Quit","종료"
"UI.Victory","승리"
"UI.Defeat","패배"
"UI.ReachedWave","도달 웨이브 {0} / {1}"
"UI.PlayTime","플레이 시간 {0}"
"UI.FinalBuild","최종 빌드"
"UI.RewardHintFmt","{0} 선택   ·   {1} 확정"
"UI.WaveBanner","웨이브 {0}"
"UI.FinalWave","마지막 웨이브"
"UI.EliteIncoming","엘리트 출현"
"Key.Click","클릭"
"UI.TestWave","테스트 웨이브"
