"Name","Ko","En"
"Skill.MagicBolt","매직 볼트","Magic Bolt"
"Skill.Nova","노바","Nova"
"Skill.BladeSweep","블레이드 스윕","Blade Sweep"
"Mod.Pierce","관통","Pierce"
"Mod.Split","분열","Split"
"Mod.Explode","폭발","Explode"
"Mod.Chain","연쇄","Chain"
"Mod.Haste","가속","Haste"
"Desc.Pierce","적 {0}명을 관통","Pierces {0} enemies"
"Desc.Split","명중 시 작은 투사체 {0}발\n(피해 40%)","Splits into {0} bolts on hit\n(40% damage)"
"Desc.Explode","명중 지점에 반경 {0}m 폭발\n(피해 50%)","Explodes in a {0}m radius on hit\n(50% damage)"
"Desc.Chain","가까운 적 {0}명에게 번개 전이\n(피해 70%)","Lightning chains to {0} enemies\n(70% damage)"
"Desc.Haste","쿨다운 -{0}%","Cooldown -{0}%"
"UI.Level","Lv.{0}","Lv.{0}"
"UI.New","신규","NEW"
"UI.Upgrade","강화","UPGRADE"
"UI.RewardTitle","웨이브 {0} 클리어  -  강화를 선택하세요","WAVE {0} CLEAR  -  Choose an upgrade"
"UI.RewardHint","좌우로 선택   ·   Enter / 클릭 / (A) 로 확정","Left / Right to choose   ·   Enter / Click / (A) to confirm"
"UI.BuildOf","{0} 빌드:","{0} build:"
"UI.Build","빌드","BUILD"
"UI.Wave","웨이브 {0} / {1}","WAVE {0} / {1}"
"UI.Remaining","남은 적 {0}","Enemies {0}"
"UI.Kills","처치 {0}","Kills {0}"
"UI.Dash","대시","Dash"
"UI.Paused","일시정지","PAUSED"
"UI.Resume","재개","Resume"
"UI.Restart","재시작","Restart"
"UI.Quit","종료","Quit"
"UI.Victory","승리","VICTORY"
"UI.Defeat","패배","DEFEAT"
"UI.ReachedWave","도달 웨이브 {0} / {1}","Reached wave {0} / {1}"
"UI.PlayTime","플레이 시간 {0}","Play time {0}"
"UI.FinalBuild","최종 빌드","FINAL BUILD"
